,Genre,Publisher,Global_Sales
0,Action,Stainless Games,0.01
1,Action,NetRevo,0.01
2,Action,dramatic create,0.01
3,Action,Inti Creates,0.01
4,Action,HuneX,0.01
5,Action,Storm City Games,0.01
6,Action,Yeti,0.01
7,Action,LEGO Media,0.01
8,Action,Alawar Entertainment,0.01
9,Action,Focus Home Interactive,0.01
10,Action,Epic Games,0.01
11,Action,Comfort,0.02
12,Action,UFO Interactive,0.02
13,Action,Cave,0.02
14,Action,Minato Station,0.02
15,Action,Mycom,0.02
16,Action,Neko Entertainment,0.02
17,Action,Saurus,0.02
18,Action,CyberFront,0.02
19,Action,Introversion Software,0.02
20,Action,Sold Out,0.02
21,Action,Views,0.02
22,Action,Essential Games,0.02
23,Action,Giza10,0.02
24,Action,IE Institute,0.02
25,Action,Zushi Games,0.02
26,Action,Alternative Software,0.02
27,Action,Maximum Family Games,0.03
28,Action,Encore,0.03
29,Action,LSP Games,0.03
30,Action,FuRyu Corporation,0.03
31,Action,Big Fish Games,0.03
32,Action,Prototype,0.03
33,Action,Berkeley,0.03
34,Action,Asgard,0.03
35,Action,Electronic Arts Victor,0.04
36,Action,Astragon,0.04
37,Action,ChunSoft,0.04
38,Action,Flashpoint Games,0.04
39,Action,"Destination Software, Inc",0.04
40,Action,Red Storm Entertainment,0.04
41,Action,DSI Games,0.04
42,Action,Licensed 4U,0.05
43,Action,Activision Value,0.05
44,Action,Marvel Entertainment,0.05
45,Action,Swing! Entertainment,0.05
46,Action,Nordcurrent,0.05
47,Action,Russel,0.05
48,Action,ASC Games,0.05
49,Action,Aksys Games,0.05
50,Action,Quinrose,0.05
51,Action,Starfish,0.06
52,Action,Crimson Cow,0.06
53,Action,JVC,0.06
54,Action,Compile Heart,0.06
55,Action,Arc System Works,0.06
56,Action,NewKidCo,0.060000000000000005
57,Action,Nobilis,0.060000000000000005
58,Action,MTO,0.060000000000000005
59,Action,Kaga Create,0.06999999999999999
60,Action,Enix Corporation,0.07
61,Action,Gamecock,0.07
62,Action,Evolution Games,0.07
63,Action,From Software,0.07
64,Action,Sunrise Interactive,0.07
65,Action,Success,0.08
66,Action,Popcorn Arcade,0.08
67,Action,Abylight,0.08
68,Action,Seventh Chord,0.08
69,Action,Avanquest Software,0.08
70,Action,Tru Blu Entertainment,0.09
71,Action,Midas Interactive Entertainment,0.09
72,Action,Kadokawa Shoten,0.09000000000000001
73,Action,Core Design Ltd.,0.1
74,Action,Genki,0.11
75,Action,Global Star,0.11
76,Action,Xseed Games,0.11
77,Action,Funbox Media,0.11
78,Action,Takara,0.12000000000000001
79,Action,Insomniac Games,0.12000000000000001
80,Action,SCS Software,0.13
81,Action,5pb,0.13
82,Action,Telstar,0.13
83,Action,Excalibur Publishing,0.14
84,Action,Microids,0.15
85,Action,Black Bean Games,0.15
86,Action,JoWood Productions,0.15
87,Action,Jaleco,0.15000000000000002
88,Action,Irem Software Engineering,0.16
89,Action,PlayV,0.16
90,Action,Vir2L Studios,0.16
91,Action,Telltale Games,0.16
92,Action,Acquire,0.16
93,Action,Avalon Interactive,0.17
94,Action,Atlus,0.17
95,Action,Rocket Company,0.17
96,Action,Gremlin Interactive Ltd,0.17
97,Action,Adeline Software,0.17
98,Action,Alchemist,0.19
99,Action,Video System,0.19
100,Action,Agatsuma Entertainment,0.2
101,Action,Oxygen Interactive,0.2
102,Action,Kalypso Media,0.21
103,Action,GungHo,0.21000000000000002
104,Action,Bomb,0.22
105,Action,Agetec,0.22999999999999998
106,Action,American Softworks,0.23
107,Action,Knowledge Adventure,0.24
108,Action,Taito,0.24
109,Action,Kadokawa Games,0.27
110,Action,Zoo Games,0.27
111,Action,Blast! Entertainment Ltd,0.27
112,Action,Broccoli,0.28
113,Action,Hamster Corporation,0.28
114,Action,GameMill Entertainment,0.3
115,Action,Banpresto,0.30000000000000004
116,Action,CBS Electronics,0.31
117,Action,CokeM Interactive,0.31
118,Action,Hip Interactive,0.33
119,Action,Starpath Corp.,0.33
120,Action,ITT Family Games,0.34
121,Action,City Interactive,0.34
122,Action,Laguna,0.35
123,Action,Game Factory,0.3600000000000001
124,Action,Conspiracy Entertainment,0.37
125,Action,Tomy Corporation,0.37
126,Action,Imagic,0.37
127,Action,Scholastic Inc.,0.37
128,Action,TDK Core,0.37
129,Action,Mindscape,0.38
130,Action,Nihon Falcom Corporation,0.43
131,Action,SCi,0.45999999999999996
132,Action,Activision Blizzard,0.48
133,Action,Avanquest,0.4800000000000001
134,Action,Fox Interactive,0.49
135,Action,Answer Software,0.5
136,Action,Idea Factory International,0.5
137,Action,Ackkstudios,0.51
138,Action,FuRyu,0.51
139,Action,DTP Entertainment,0.52
140,Action,Nippon Columbia,0.53
141,Action,Screenlife,0.54
142,Action,CPG Products,0.54
143,Action,Takara Tomy,0.56
144,Action,Titus,0.5700000000000001
145,Action,Wanadoo,0.6000000000000001
146,Action,Wizard Video Games,0.62
147,Action,Universal Gamex,0.63
148,Action,Kemco,0.63
149,Action,PQube,0.6300000000000001
150,Action,Idea Factory,0.6400000000000003
151,Action,Rondomedia,0.65
152,Action,Nordic Games,0.6500000000000001
153,Action,Playlogic Game Factory,0.68
154,Action,Empire Interactive,0.69
155,Action,Illusion Softworks,0.7
156,Action,Data Age,0.71
157,Action,Gamebridge,0.73
158,Action,Destineer,0.7500000000000001
159,Action,Ignition Entertainment,0.76
160,Action,Men-A-Vision,0.77
161,Action,Infogrames,0.77
162,Action,Zoo Digital Publishing,0.7800000000000001
163,Action,Marvelous Interactive,0.8
164,Action,Mystique,0.82
165,Action,"mixi, Inc",0.86
166,Action,SouthPeak Games,0.9100000000000001
167,Action,Little Orbit,0.9200000000000004
168,Action,Spike,0.9700000000000002
169,Action,Crave Entertainment,1.09
170,Action,BAM! Entertainment,1.09
171,Action,TDK Mediactive,1.1300000000000001
172,Action,Black Label Games,1.2
173,Action,Psygnosis,1.26
174,Action,Coleco,1.26
175,Action,Nippon Ichi Software,1.32
176,Action,Interplay,1.3800000000000001
177,Action,Marvelous Entertainment,1.4000000000000004
178,Action,Tigervision,1.42
179,Action,Hudson Soft,1.4200000000000002
180,Action,Codemasters,1.4300000000000002
181,Action,Touchstone,1.4400000000000002
182,Action,Mattel Interactive,1.51
183,Action,Acclaim Entertainment,1.5300000000000005
184,Action,Hello Games,1.6
185,Action,Ocean,1.6199999999999999
186,Action,Rising Star Games,1.6400000000000001
187,Action,20th Century Fox Video Games,1.7200000000000002
188,Action,NCSoft,2.3
189,Action,989 Studios,2.63
190,Action,Koch Media,2.92
191,Action,Majesco Entertainment,2.9499999999999993
192,Action,505 Games,3.2199999999999993
193,Action,Ubisoft Annecy,3.380000000000001
194,Action,Universal Interactive,3.68
195,Action,Parker Bros.,3.8500000000000005
196,Action,Palcom,4.17
197,Action,Unknown,4.3199999999999985
198,Action,Level 5,4.839999999999999
199,Action,Hasbro Interactive,5.59
200,Action,Sony Computer Entertainment Europe,5.99
201,Action,3DO,6.28
202,Action,Midway Games,7.349999999999997
203,Action,GT Interactive,8.88
204,Action,Bethesda Softworks,9.64
205,Action,D3Publisher,9.799999999999988
206,Action,Microsoft Game Studios,12.450000000000003
207,Action,Vivendi Games,12.599999999999998
208,Action,Deep Silver,13.359999999999996
209,Action,Virgin Interactive,20.35
210,Action,Atari,26.64999999999999
211,Action,Tecmo Koei,29.03999999999998
212,Action,Square Enix,29.159999999999986
213,Action,Sega,32.149999999999984
214,Action,Namco Bandai Games,36.90000000000008
215,Action,Disney Interactive Studios,52.20000000000004
216,Action,LucasArts,62.01999999999999
217,Action,Eidos Interactive,65.59999999999995
218,Action,Konami Digital Entertainment,71.33000000000004
219,Action,Capcom,85.15999999999995
220,Action,THQ,89.23000000000006
221,Action,Sony Computer Entertainment,94.51999999999998
222,Action,Electronic Arts,115.53999999999998
223,Action,Warner Bros. Interactive Entertainment,118.23999999999992
224,Action,Nintendo,128.17999999999995
225,Action,Activision,142.32999999999998
226,Action,Ubisoft,142.94000000000008
227,Action,Take-Two Interactive,211.07999999999996
0,Adventure,imageepoch Inc.,0.01
1,Adventure,Avanquest,0.01
2,Adventure,DSI Games,0.01
3,Adventure,Nitroplus,0.01
4,Adventure,Cave,0.01
5,Adventure,Piacci,0.01
6,Adventure,Otomate,0.01
7,Adventure,Boost On,0.01
8,Adventure,Valcon Games,0.01
9,Adventure,ValuSoft,0.01
10,Adventure,Views,0.01
11,Adventure,Takuyo,0.01
12,Adventure,Coconuts Japan,0.02
13,Adventure,Crimson Cow,0.02
14,Adventure,Culture Brain,0.02
15,Adventure,Zoo Games,0.02
16,Adventure,Giga,0.02
17,Adventure,GungHo,0.02
18,Adventure,Taito,0.02
19,Adventure,Marvelous Games,0.02
20,Adventure,NetRevo,0.02
21,Adventure,Victor Interactive,0.02
22,Adventure,Quintet,0.02
23,Adventure,RED Entertainment,0.02
24,Adventure,Revolution (Japan),0.02
25,Adventure,System Soft,0.02
26,Adventure,HuneX,0.02
27,Adventure,Kaga Create,0.02
28,Adventure,10TACLE Studios,0.02
29,Adventure,Big Fish Games,0.02
30,Adventure,Big Ben Interactive,0.02
31,Adventure,Mindscape,0.03
32,Adventure,Minato Station,0.03
33,Adventure,Mastertronic,0.03
34,Adventure,Aspyr,0.03
35,Adventure,Mamba Games,0.03
36,Adventure,Kids Station,0.03
37,Adventure,Rocket Company,0.03
38,Adventure,Nobilis,0.03
39,Adventure,Headup Games,0.03
40,Adventure,Storm City Games,0.03
41,Adventure,Fuji,0.03
42,Adventure,Datam Polystar,0.03
43,Adventure,Atlus,0.03
44,Adventure,Her Interactive,0.03
45,Adventure,BushiRoad,0.03
46,Adventure,Creative Core,0.03
47,Adventure,Asmik Ace Entertainment,0.04
48,Adventure,Ignition Entertainment,0.04
49,Adventure,Russel,0.04
50,Adventure,Kalypso Media,0.04
51,Adventure,Societa,0.04
52,Adventure,Legacy Interactive,0.04
53,Adventure,Sweets,0.05
54,Adventure,GN Software,0.05
55,Adventure,Zushi Games,0.05
56,Adventure,Pack-In-Video,0.05
57,Adventure,Media Works,0.05
58,Adventure,Mastiff,0.05
59,Adventure,WayForward Technologies,0.05
60,Adventure,Fortyfive,0.06
61,Adventure,Indie Games,0.06
62,Adventure,MC2 Entertainment,0.06
63,Adventure,Yumedia,0.06
64,Adventure,O-Games,0.06
65,Adventure,Neko Entertainment,0.06
66,Adventure,FuRyu,0.060000000000000005
67,Adventure,Revolution Software,0.06999999999999999
68,Adventure,Kemco,0.07
69,Adventure,Princess Soft,0.07
70,Adventure,Warp,0.07
71,Adventure,Blast! Entertainment Ltd,0.07
72,Adventure,Sammy Corporation,0.07
73,Adventure,Athena,0.07
74,Adventure,Aria,0.07
75,Adventure,Ackkstudios,0.07
76,Adventure,Nordic Games,0.08
77,Adventure,KID,0.08
78,Adventure,Natsume,0.08
79,Adventure,GameMill Entertainment,0.09
80,Adventure,DreamCatcher Interactive,0.09000000000000001
81,Adventure,Koch Media,0.09000000000000001
82,Adventure,TGL,0.09999999999999999
83,Adventure,Reef Entertainment,0.09999999999999999
84,Adventure,Spike,0.1
85,Adventure,Type-Moon,0.1
86,Adventure,Interchannel,0.1
87,Adventure,SNK Playmore,0.1
88,Adventure,dramatic create,0.1
89,Adventure,CDV Software Entertainment,0.1
90,Adventure,Gust,0.1
91,Adventure,Shogakukan,0.11
92,Adventure,Data East,0.11
93,Adventure,HMH Interactive,0.11
94,Adventure,Gainax Network Systems,0.11
95,Adventure,Empire Interactive,0.11
96,Adventure,Funbox Media,0.11
97,Adventure,Compile Heart,0.11000000000000001
98,Adventure,Level 5,0.12
99,Adventure,Kadokawa Games,0.12
100,Adventure,From Software,0.12
101,Adventure,Success,0.13
102,Adventure,Comfort,0.13
103,Adventure,Foreign Media Games,0.13
104,Adventure,TDK Mediactive,0.13
105,Adventure,Rondomedia,0.13999999999999999
106,Adventure,Aksys Games,0.13999999999999999
107,Adventure,NEC,0.14
108,Adventure,Swing! Entertainment,0.14
109,Adventure,Daedalic Entertainment,0.14
110,Adventure,Media Factory,0.14
111,Adventure,Imadio,0.14
112,Adventure,Crave Entertainment,0.15
113,Adventure,Crystal Dynamics,0.15
114,Adventure,CyberFront,0.15000000000000002
115,Adventure,Happinet,0.15000000000000002
116,Adventure,Quinrose,0.17000000000000004
117,Adventure,Oxygen Interactive,0.18
118,Adventure,LEGO Media,0.18
119,Adventure,Destineer,0.18
120,Adventure,SouthPeak Games,0.19999999999999998
121,Adventure,Merscom LLC,0.2
122,Adventure,Sunsoft,0.2
123,Adventure,Microids,0.21
124,Adventure,ASCII Media Works,0.21
125,Adventure,Rising Star Games,0.21000000000000002
126,Adventure,Yeti,0.21000000000000002
127,Adventure,Acquire,0.22000000000000003
128,Adventure,PopCap Games,0.24
129,Adventure,Hudson Soft,0.24000000000000002
130,Adventure,Enterbrain,0.25
131,Adventure,JoWood Productions,0.26
132,Adventure,NewKidCo,0.26
133,Adventure,Arc System Works,0.27
134,Adventure,Daedalic,0.28
135,Adventure,The Adventure Company,0.28
136,Adventure,Human Entertainment,0.29000000000000004
137,Adventure,Mattel Interactive,0.31000000000000005
138,Adventure,Pioneer LDC,0.33
139,Adventure,3DO,0.35000000000000003
140,Adventure,Elf,0.36
141,Adventure,Midway Games,0.37000000000000005
142,Adventure,Astragon,0.38
143,Adventure,Zoo Digital Publishing,0.39
144,Adventure,Imagineer,0.4
145,Adventure,Knowledge Adventure,0.42
146,Adventure,Psygnosis,0.42000000000000004
147,Adventure,Nippon Ichi Software,0.42000000000000015
148,Adventure,Asylum Entertainment,0.43
149,Adventure,Broccoli,0.43000000000000005
150,Adventure,DTP Entertainment,0.46
151,Adventure,PQube,0.5
152,Adventure,NEC Interchannel,0.51
153,Adventure,Marvelous Interactive,0.5500000000000002
154,Adventure,Prototype,0.5800000000000003
155,Adventure,Warner Bros. Interactive Entertainment,0.59
156,Adventure,City Interactive,0.5900000000000001
157,Adventure,Banpresto,0.6400000000000001
158,Adventure,Eidos Interactive,0.68
159,Adventure,ASCII Entertainment,0.71
160,Adventure,Infogrames,0.7200000000000001
161,Adventure,505 Games,0.7400000000000001
162,Adventure,Aqua Plus,0.7700000000000002
163,Adventure,D3Publisher,0.7700000000000005
164,Adventure,Codemasters,0.78
165,Adventure,Virgin Interactive,0.78
166,Adventure,BAM! Entertainment,0.79
167,Adventure,Interplay,0.83
168,Adventure,Game Factory,0.86
169,Adventure,Majesco Entertainment,0.9100000000000001
170,Adventure,Little Orbit,0.97
171,Adventure,Tecmo Koei,1.0100000000000002
172,Adventure,Unknown,1.1500000000000001
173,Adventure,Acclaim Entertainment,1.24
174,Adventure,Scholastic Inc.,1.29
175,Adventure,Global Star,1.3
176,Adventure,5pb,1.3400000000000007
177,Adventure,Vivendi Games,1.54
178,Adventure,Avanquest Software,1.57
179,Adventure,GSP,1.62
180,Adventure,Microsoft Game Studios,1.6300000000000001
181,Adventure,Deep Silver,1.6700000000000002
182,Adventure,Kadokawa Shoten,1.7000000000000006
183,Adventure,Focus Home Interactive,1.9300000000000004
184,Adventure,LucasArts,2.01
185,Adventure,Alchemist,2.1599999999999993
186,Adventure,ChunSoft,2.1599999999999993
187,Adventure,Idea Factory,2.4199999999999977
188,Adventure,Telltale Games,2.5599999999999987
189,Adventure,Sony Computer Entertainment Europe,2.6399999999999997
190,Adventure,Mojang,2.89
191,Adventure,Square Enix,2.9600000000000004
192,Adventure,Atari,3.56
193,Adventure,Electronic Arts,4.749999999999999
194,Adventure,Red Orb,5.24
195,Adventure,Namco Bandai Games,5.289999999999996
196,Adventure,Activision,5.42
197,Adventure,Sega,7.410000000000003
198,Adventure,Take-Two Interactive,7.5600000000000005
199,Adventure,Konami Digital Entertainment,9.569999999999997
200,Adventure,Capcom,10.249999999999996
201,Adventure,Sony Computer Entertainment,13.549999999999999
202,Adventure,Disney Interactive Studios,17.759999999999998
203,Adventure,THQ,19.98
204,Adventure,Ubisoft,22.19
205,Adventure,Nintendo,35.709999999999994
0,Fighting,Jaleco,0.01
1,Fighting,Nitroplus,0.01
2,Fighting,Taito,0.01
3,Fighting,Metro 3D,0.02
4,Fighting,Yeti,0.02
5,Fighting,Sunrise Interactive,0.02
6,Fighting,Kokopeli Digital Studios,0.03
7,Fighting,G.Rev,0.03
8,Fighting,Tryfirst,0.03
9,Fighting,ESP,0.03
10,Fighting,Broccoli,0.03
11,Fighting,5pb,0.04
12,Fighting,Playmore,0.04
13,Fighting,Imagineer,0.05
14,Fighting,Yuke's,0.05
15,Fighting,Ecole,0.06
16,Fighting,Falcom Corporation,0.06
17,Fighting,Irem Software Engineering,0.06
18,Fighting,Grand Prix Games,0.06
19,Fighting,Sunsoft,0.06
20,Fighting,Take-Two Interactive,0.06
21,Fighting,NewKidCo,0.07
22,Fighting,Screenlife,0.07
23,Fighting,Enterbrain,0.07
24,Fighting,Midas Interactive Entertainment,0.07
25,Fighting,Cloud Imperium Games Corporation,0.08
26,Fighting,Game Factory,0.09
27,Fighting,Asmik Ace Entertainment,0.1
28,Fighting,Natsume,0.1
29,Fighting,Aqua Plus,0.1
30,Fighting,Time Warner Interactive,0.11
31,Fighting,BAM! Entertainment,0.11
32,Fighting,JVC,0.12
33,Fighting,Angel Studios,0.12
34,Fighting,Hudson Soft,0.17
35,Fighting,Agetec,0.17
36,Fighting,Global Star,0.18
37,Fighting,Deep Silver,0.19
38,Fighting,AQ Interactive,0.19
39,Fighting,Interplay,0.21
40,Fighting,SouthPeak Games,0.21000000000000002
41,Fighting,Ocean,0.22
42,Fighting,Xing Entertainment,0.24
43,Fighting,Spike,0.25
44,Fighting,Banpresto,0.25
45,Fighting,D3Publisher,0.26
46,Fighting,Vic Tokai,0.27
47,Fighting,Zoo Digital Publishing,0.28
48,Fighting,Majesco Entertainment,0.28
49,Fighting,Unknown,0.29000000000000004
50,Fighting,Marvelous Interactive,0.30000000000000004
51,Fighting,Universal Interactive,0.31
52,Fighting,New,0.36
53,Fighting,Marvelous Entertainment,0.36
54,Fighting,Ultravision,0.47
55,Fighting,Empire Interactive,0.47
56,Fighting,Crave Entertainment,0.47000000000000003
57,Fighting,Vivendi Games,0.49999999999999994
58,Fighting,3DO,0.55
59,Fighting,Infogrames,0.55
60,Fighting,Sammy Corporation,0.6099999999999999
61,Fighting,Nippon Ichi Software,0.63
62,Fighting,Titus,0.68
63,Fighting,SNK Playmore,0.7000000000000002
64,Fighting,Rising Star Games,0.72
65,Fighting,Ubisoft Annecy,0.77
66,Fighting,Arc System Works,0.8400000000000001
67,Fighting,505 Games,0.9099999999999999
68,Fighting,Gotham Games,0.97
69,Fighting,Takara Tomy,1.05
70,Fighting,Rage Software,1.1
71,Fighting,Atlus,1.1900000000000002
72,Fighting,Human Entertainment,1.46
73,Fighting,SquareSoft,1.55
74,Fighting,Konami Digital Entertainment,1.7300000000000006
75,Fighting,Takara,1.8000000000000003
76,Fighting,Ignition Entertainment,2.2599999999999993
77,Fighting,Microsoft Game Studios,2.4299999999999997
78,Fighting,SNK,2.5899999999999994
79,Fighting,Arena Entertainment,2.67
80,Fighting,Eidos Interactive,2.7300000000000004
81,Fighting,PQube,2.799999999999999
82,Fighting,Activision,2.86
83,Fighting,Square Enix,3.2
84,Fighting,Tecmo Koei,3.8000000000000003
85,Fighting,Tomy Corporation,4.130000000000001
86,Fighting,GT Interactive,6.84
87,Fighting,Ubisoft,7.07
88,Fighting,Virgin Interactive,7.979999999999999
89,Fighting,Warner Bros. Interactive Entertainment,13.69
90,Fighting,Sega,14.679999999999998
91,Fighting,Midway Games,16.51
92,Fighting,Acclaim Entertainment,16.800000000000008
93,Fighting,Atari,25.98
94,Fighting,Sony Computer Entertainment,28.15
95,Fighting,Electronic Arts,31.389999999999997
96,Fighting,Capcom,33.01
97,Fighting,Nintendo,53.35000000000001
98,Fighting,Namco Bandai Games,61.22
99,Fighting,THQ,72.85999999999999
0,Misc,Global A Entertainment,0.01
1,Misc,Creative Core,0.01
2,Misc,Banpresto,0.01
3,Misc,Kalypso Media,0.01
4,Misc,Naxat Soft,0.01
5,Misc,Media Entertainment,0.01
6,Misc,Focus Home Interactive,0.01
7,Misc,Commseed,0.01
8,Misc,Culture Brain,0.02
9,Misc,PlayV,0.02
10,Misc,Atlus,0.02
11,Misc,Mirai Shounen,0.02
12,Misc,Arika,0.02
13,Misc,Plenty,0.02
14,Misc,Happinet,0.02
15,Misc,Focus Multimedia,0.02
16,Misc,Karin Entertainment,0.02
17,Misc,Kadokawa Shoten,0.02
18,Misc,Victor Interactive,0.02
19,Misc,Paradox Interactive,0.03
20,Misc,KSS,0.03
21,Misc,HMH Interactive,0.03
22,Misc,Mastertronic,0.03
23,Misc,Kamui,0.03
24,Misc,Dorart,0.03
25,Misc,Marvelous Interactive,0.03
26,Misc,Midas Interactive Entertainment,0.03
27,Misc,Fields,0.03
28,Misc,Paon Corporation,0.03
29,Misc,Neko Entertainment,0.03
30,Misc,Level 5,0.03
31,Misc,ASK,0.03
32,Misc,7G//AMES,0.03
33,Misc,Psygnosis,0.03
34,Misc,Tomy Corporation,0.03
35,Misc,Sunsoft,0.03
36,Misc,Media Works,0.04
37,Misc,Virtual Play Games,0.04
38,Misc,Natsume,0.04
39,Misc,Avanquest Software,0.04
40,Misc,Gakken,0.04
41,Misc,Virgin Interactive,0.04
42,Misc,GungHo,0.04
43,Misc,PQube,0.04
44,Misc,Storm City Games,0.04
45,Misc,CyberFront,0.04
46,Misc,Yamasa Entertainment,0.04
47,Misc,Rondomedia,0.04
48,Misc,Jester Interactive,0.04
49,Misc,Ocean,0.04
50,Misc,Alvion,0.04
51,Misc,Gainax Network Systems,0.05
52,Misc,Kaga Create,0.05
53,Misc,JoWood Productions,0.05
54,Misc,Activision Value,0.05
55,Misc,Coconuts Japan,0.05
56,Misc,Arc System Works,0.05
57,Misc,Pony Canyon,0.05
58,Misc,Vap,0.05
59,Misc,PopCap Games,0.05
60,Misc,City Interactive,0.06
61,Misc,Zenrin,0.06
62,Misc,Titus,0.06
63,Misc,Imax,0.06
64,Misc,Success,0.06
65,Misc,Sonnet,0.06
66,Misc,Scholastic Inc.,0.07
67,Misc,Data Design Interactive,0.07
68,Misc,Epoch,0.08
69,Misc,"Destination Software, Inc",0.08
70,Misc,JVC,0.08
71,Misc,XS Games,0.08
72,Misc,Agatsuma Entertainment,0.08
73,Misc,Agetec,0.08
74,Misc,Mastiff,0.08
75,Misc,Nippon Amuse,0.09
76,Misc,Zushi Games,0.09
77,Misc,Edia,0.09000000000000001
78,Misc,Playlogic Game Factory,0.1
79,Misc,PM Studios,0.1
80,Misc,Broccoli,0.1
81,Misc,Kemco,0.1
82,Misc,Marvelous Entertainment,0.1
83,Misc,GameTek,0.1
84,Misc,Cave,0.1
85,Misc,Foreign Media Games,0.11
86,Misc,Gamecock,0.11
87,Misc,Jaleco,0.11
88,Misc,TopWare Interactive,0.11
89,Misc,Gameloft,0.11
90,Misc,Tommo,0.11000000000000001
91,Misc,Taito,0.12
92,Misc,Aspyr,0.12
93,Misc,Kadokawa Games,0.12
94,Misc,Conspiracy Entertainment,0.13
95,Misc,Myelin Media,0.13
96,Misc,Sony Music Entertainment,0.14
97,Misc,Idea Factory,0.15000000000000002
98,Misc,Aqua Plus,0.15000000000000002
99,Misc,Syscom,0.16
100,Misc,Irem Software Engineering,0.16999999999999998
101,Misc,Ubisoft Annecy,0.17
102,Misc,SouthPeak Games,0.17
103,Misc,Game Life,0.17
104,Misc,Tivola,0.17
105,Misc,Alchemist,0.18
106,Misc,Graffiti,0.2
107,Misc,BAM! Entertainment,0.2
108,Misc,Gathering of Developers,0.2
109,Misc,Mad Catz,0.2
110,Misc,TDK Core,0.22
111,Misc,Asgard,0.22
112,Misc,DreamCatcher Interactive,0.22999999999999998
113,Misc,Daito,0.22999999999999998
114,Misc,Xplosiv,0.23
115,Misc,Nordcurrent,0.23
116,Misc,FuRyu,0.24000000000000002
117,Misc,Paon,0.25
118,Misc,Pacific Century Cyber Works,0.26
119,Misc,DTP Entertainment,0.26
120,Misc,Nippon Telenet,0.26
121,Misc,DSI Games,0.26
122,Misc,Nichibutsu,0.28
123,Misc,Hackberry,0.31
124,Misc,O-Games,0.32
125,Misc,Black Bean Games,0.32999999999999996
126,Misc,Benesse,0.33
127,Misc,Shogakukan,0.33000000000000007
128,Misc,AQ Interactive,0.34
129,Misc,Magix,0.35
130,Misc,Nobilis,0.35
131,Misc,Takara Tomy,0.35000000000000003
132,Misc,Tecmo Koei,0.3500000000000001
133,Misc,P2 Games,0.38
134,Misc,Brash Entertainment,0.39
135,Misc,Seta Corporation,0.39
136,Misc,Game Factory,0.41000000000000003
137,Misc,ASCII Entertainment,0.42000000000000004
138,Misc,Nippon Columbia,0.42000000000000004
139,Misc,Knowledge Adventure,0.44
140,Misc,Ignition Entertainment,0.45999999999999996
141,Misc,TDK Mediactive,0.55
142,Misc,Microprose,0.55
143,Misc,Mud Duck Productions,0.55
144,Misc,Enix Corporation,0.55
145,Misc,Universal Interactive,0.56
146,Misc,Spike,0.5700000000000001
147,Misc,Avanquest,0.58
148,Misc,Hudson Entertainment,0.6000000000000001
149,Misc,Destineer,0.6300000000000001
150,Misc,UFO Interactive,0.6400000000000001
151,Misc,Funbox Media,0.68
152,Misc,Deep Silver,0.7200000000000001
153,Misc,System 3 Arcade Software,0.73
154,Misc,Empire Interactive,0.77
155,Misc,Telegames,0.7899999999999999
156,Misc,Harmonix Music Systems,0.8
157,Misc,GameMill Entertainment,0.81
158,Misc,Quelle,0.87
159,Misc,Takara,0.89
160,Misc,NewKidCo,0.9199999999999999
161,Misc,GT Interactive,0.94
162,Misc,IE Institute,0.9400000000000002
163,Misc,Interplay,1.02
164,Misc,Mentor Interactive,1.07
165,Misc,Eidos Interactive,1.12
166,Misc,Nippon Ichi Software,1.13
167,Misc,Rocket Company,1.1500000000000001
168,Misc,Aruze Corp,1.1800000000000002
169,Misc,Acclaim Entertainment,1.19
170,Misc,Pinnacle,1.26
171,Misc,GSP,1.5100000000000002
172,Misc,Vivendi Games,1.5500000000000003
173,Misc,Square Enix,1.5599999999999998
174,Misc,Play It,1.67
175,Misc,Sammy Corporation,1.67
176,Misc,Codemasters,1.7
177,Misc,Capcom,1.94
178,Misc,Rising Star Games,2.1599999999999997
179,Misc,Oxygen Interactive,2.4799999999999995
180,Misc,Zoo Digital Publishing,2.5499999999999994
181,Misc,Crave Entertainment,2.6099999999999994
182,Misc,Zoo Games,2.6299999999999994
183,Misc,Majesco Entertainment,2.6999999999999993
184,Misc,Nordic Games,3.2399999999999998
185,Misc,Infogrames,3.73
186,Misc,D3Publisher,3.75
187,Misc,505 Games,4.53
188,Misc,Hudson Soft,4.879999999999999
189,Misc,Warner Bros. Interactive Entertainment,5.639999999999999
190,Misc,Mindscape,6.03
191,Misc,Unknown,6.530000000000001
192,Misc,Sony Computer Entertainment Europe,6.6
193,Misc,Hasbro Interactive,6.8
194,Misc,Atari,7.209999999999998
195,Misc,RedOctane,8.68
196,Misc,Midway Games,9.61
197,Misc,Take-Two Interactive,10.579999999999997
198,Misc,Konami Digital Entertainment,18.619999999999997
199,Misc,Sega,20.20999999999999
200,Misc,MTV Games,20.97
201,Misc,THQ,23.68
202,Misc,Disney Interactive Studios,24.889999999999997
203,Misc,Electronic Arts,24.950000000000003
204,Misc,Namco Bandai Games,29.549999999999997
205,Misc,Microsoft Game Studios,46.99000000000001
206,Misc,Activision,76.54999999999993
207,Misc,Sony Computer Entertainment,80.80000000000004
208,Misc,Ubisoft,97.53000000000004
209,Misc,Nintendo,180.66999999999996
0,Platform,Titus,0.01
1,Platform,Rain Games,0.01
2,Platform,NewKidCo,0.02
3,Platform,Destineer,0.02
4,Platform,Natsume,0.02
5,Platform,Storm City Games,0.02
6,Platform,Big Ben Interactive,0.02
7,Platform,Intergrow,0.03
8,Platform,Evolved Games,0.03
9,Platform,Number None,0.03
10,Platform,Play It,0.03
11,Platform,Cygames,0.03
12,Platform,Conspiracy Entertainment,0.03
13,Platform,Psygnosis,0.03
14,Platform,Atlus,0.03
15,Platform,Wanadoo,0.03
16,Platform,Swing! Entertainment,0.03
17,Platform,Agatsuma Entertainment,0.03
18,Platform,Banpresto,0.04
19,Platform,Flashpoint Games,0.04
20,Platform,JoWood Productions,0.04
21,Platform,Gremlin Interactive Ltd,0.05
22,Platform,U.S. Gold,0.05
23,Platform,ESP,0.05
24,Platform,DreamCatcher Interactive,0.05
25,Platform,Phenomedia,0.05
26,Platform,Midas Interactive Entertainment,0.05
27,Platform,Oxygen Interactive,0.06
28,Platform,Focus Home Interactive,0.06
29,Platform,LEGO Media,0.06
30,Platform,Metro 3D,0.07
31,Platform,Asylum Entertainment,0.07
32,Platform,Popcorn Arcade,0.07
33,Platform,LSP Games,0.08
34,Platform,Hudson Entertainment,0.08
35,Platform,Deep Silver,0.08
36,Platform,Rising Star Games,0.08
37,Platform,Tecmo Koei,0.09
38,Platform,Ignition Entertainment,0.1
39,Platform,Game Factory,0.1
40,Platform,Sunsoft,0.11
41,Platform,SCi,0.12000000000000001
42,Platform,DreamWorks Interactive,0.13
43,Platform,3DO,0.13
44,Platform,Kemco,0.15000000000000002
45,Platform,Accolade,0.19
46,Platform,System 3 Arcade Software,0.19
47,Platform,Epoch,0.21
48,Platform,System 3,0.22000000000000003
49,Platform,Nippon Ichi Software,0.24000000000000002
50,Platform,Global Star,0.29
51,Platform,Crave Entertainment,0.31
52,Platform,Yacht Club Games,0.32
53,Platform,Zoo Digital Publishing,0.35
54,Platform,Jack of All Games,0.4
55,Platform,Majesco Entertainment,0.41000000000000003
56,Platform,Parker Bros.,0.54
57,Platform,Unknown,0.55
58,Platform,505 Games,0.5700000000000001
59,Platform,Interplay,0.6900000000000001
60,Platform,BAM! Entertainment,0.76
61,Platform,Gotham Games,0.76
62,Platform,Ocean,0.79
63,Platform,Brash Entertainment,0.8400000000000001
64,Platform,Laguna,0.8400000000000001
65,Platform,BMG Interactive Entertainment,0.8599999999999999
66,Platform,Crystal Dynamics,0.87
67,Platform,Hasbro Interactive,0.91
68,Platform,Infogrames,1.2600000000000002
69,Platform,Eidos Interactive,1.3800000000000001
70,Platform,Coleco,1.46
71,Platform,Warner Bros. Interactive Entertainment,1.5300000000000005
72,Platform,Microsoft Game Studios,1.65
73,Platform,Midway Games,1.7400000000000002
74,Platform,Acclaim Entertainment,2.3400000000000003
75,Platform,D3Publisher,2.4
76,Platform,TDK Mediactive,2.51
77,Platform,GT Interactive,2.54
78,Platform,Hudson Soft,2.77
79,Platform,Sony Computer Entertainment Europe,2.7800000000000002
80,Platform,Namco Bandai Games,2.8899999999999983
81,Platform,Take-Two Interactive,3.3399999999999994
82,Platform,Virgin Interactive,3.48
83,Platform,Fox Interactive,4.29
84,Platform,Electronic Arts,6.53
85,Platform,Atari,7.450000000000001
86,Platform,Disney Interactive Studios,9.850000000000003
87,Platform,Universal Interactive,11.95
88,Platform,Konami Digital Entertainment,14.830000000000002
89,Platform,Vivendi Games,17.07
90,Platform,Ubisoft,21.06
91,Platform,Capcom,22.620000000000008
92,Platform,Activision,33.40000000000001
93,Platform,THQ,41.02000000000002
94,Platform,Sega,60.83999999999999
95,Platform,Sony Computer Entertainment,104.05999999999997
96,Platform,Nintendo,427.21
0,Puzzle,Liquid Games,0.01
1,Puzzle,Success,0.01
2,Puzzle,7G//AMES,0.01
3,Puzzle,Genterprise,0.01
4,Puzzle,O3 Entertainment,0.02
5,Puzzle,Licensed 4U,0.02
6,Puzzle,Micro Cabin,0.02
7,Puzzle,Neko Entertainment,0.02
8,Puzzle,P2 Games,0.02
9,Puzzle,DHM Interactive,0.02
10,Puzzle,Devolver Digital,0.02
11,Puzzle,System 3 Arcade Software,0.02
12,Puzzle,CDV Software Entertainment,0.03
13,Puzzle,Focus Multimedia,0.03
14,Puzzle,Hudson Entertainment,0.03
15,Puzzle,Pinnacle,0.03
16,Puzzle,10TACLE Studios,0.03
17,Puzzle,Ivolgamus,0.04
18,Puzzle,Rage Software,0.04
19,Puzzle,2D Boy,0.04
20,Puzzle,Conspiracy Entertainment,0.04
21,Puzzle,Koch Media,0.04
22,Puzzle,MediaQuest,0.05
23,Puzzle,Kemco,0.05
24,Puzzle,Pow,0.05
25,Puzzle,JoWood Productions,0.05
26,Puzzle,Easy Interactive,0.05
27,Puzzle,HAL Laboratory,0.06
28,Puzzle,Psygnosis,0.06
29,Puzzle,iWin,0.06
30,Puzzle,DTP Entertainment,0.06
31,Puzzle,Zushi Games,0.07
32,Puzzle,Codemasters,0.07
33,Puzzle,Take-Two Interactive,0.07
34,Puzzle,Ocean,0.08
35,Puzzle,Culture Publishers,0.09
36,Puzzle,Sunsoft,0.09
37,Puzzle,Microsoft Game Studios,0.1
38,Puzzle,Oxygen Interactive,0.1
39,Puzzle,Playlogic Game Factory,0.1
40,Puzzle,Phenomedia,0.11
41,Puzzle,3DO,0.11
42,Puzzle,City Interactive,0.11000000000000001
43,Puzzle,SouthPeak Games,0.13
44,Puzzle,Midas Interactive Entertainment,0.13
45,Puzzle,Telegames,0.13999999999999999
46,Puzzle,ValuSoft,0.14
47,Puzzle,Jaleco,0.14
48,Puzzle,White Park Bay Software,0.16
49,Puzzle,Vivendi Games,0.16
50,Puzzle,DreamCatcher Interactive,0.17
51,Puzzle,"Destination Software, Inc",0.18
52,Puzzle,Funsta,0.18000000000000002
53,Puzzle,Natsume,0.2
54,Puzzle,Nordcurrent,0.2
55,Puzzle,Astragon,0.2
56,Puzzle,Sears,0.21
57,Puzzle,Popcorn Arcade,0.21000000000000002
58,Puzzle,Zoo Games,0.22000000000000003
59,Puzzle,The Adventure Company,0.22999999999999998
60,Puzzle,UFO Interactive,0.23
61,Puzzle,PlayV,0.26
62,Puzzle,Virgin Interactive,0.26
63,Puzzle,Mastertronic,0.28
64,Puzzle,O-Games,0.29000000000000004
65,Puzzle,GSP,0.31
66,Puzzle,BPS,0.32
67,Puzzle,Foreign Media Games,0.32999999999999996
68,Puzzle,Xplosiv,0.34
69,Puzzle,Performance Designed Products,0.36
70,Puzzle,Mindscape,0.4
71,Puzzle,Tetris Online,0.43
72,Puzzle,Focus Home Interactive,0.43000000000000005
73,Puzzle,Game Factory,0.52
74,Puzzle,Destineer,0.54
75,Puzzle,Mumbo Jumbo,0.54
76,Puzzle,Parker Bros.,0.58
77,Puzzle,Mattel Interactive,0.59
78,Puzzle,Square Enix,0.6000000000000001
79,Puzzle,Crave Entertainment,0.7000000000000002
80,Puzzle,PopCap Games,0.7800000000000001
81,Puzzle,Capcom,0.8
82,Puzzle,Konami Digital Entertainment,0.8300000000000001
83,Puzzle,Eidos Interactive,0.8999999999999999
84,Puzzle,Deep Silver,0.9900000000000001
85,Puzzle,Rising Star Games,1.0000000000000002
86,Puzzle,Activision,1.06
87,Puzzle,Rondomedia,1.09
88,Puzzle,Level 5,1.1
89,Puzzle,Hasbro Interactive,1.12
90,Puzzle,Storm City Games,1.12
91,Puzzle,Majesco Entertainment,1.1600000000000001
92,Puzzle,Scholastic Inc.,1.1800000000000002
93,Puzzle,Zoo Digital Publishing,1.3300000000000003
94,Puzzle,Acclaim Entertainment,1.3500000000000003
95,Puzzle,Ignition Entertainment,1.4400000000000002
96,Puzzle,Empire Interactive,1.5300000000000002
97,Puzzle,Avanquest,1.7700000000000002
98,Puzzle,D3Publisher,1.8600000000000005
99,Puzzle,Banpresto,1.97
100,Puzzle,Unknown,2.09
101,Puzzle,505 Games,2.3799999999999986
102,Puzzle,JVC,2.4
103,Puzzle,Compile,2.4299999999999997
104,Puzzle,Sega,2.529999999999999
105,Puzzle,Disney Interactive Studios,2.54
106,Puzzle,Midway Games,3.0499999999999994
107,Puzzle,Sony Computer Entertainment,3.709999999999999
108,Puzzle,Electronic Arts,4.549999999999999
109,Puzzle,Namco Bandai Games,6.12
110,Puzzle,Ubisoft,6.33
111,Puzzle,Hudson Soft,6.61
112,Puzzle,Warner Bros. Interactive Entertainment,6.6499999999999995
113,Puzzle,THQ,9.249999999999998
114,Puzzle,Atari,21.589999999999996
115,Puzzle,Nintendo,124.88000000000002
0,Racing,Mastertronic,0.01
1,Racing,Wanadoo,0.02
2,Racing,Virgin Interactive,0.02
3,Racing,Sunrise Interactive,0.02
4,Racing,O-Games,0.02
5,Racing,Encore,0.02
6,Racing,bitComposer Games,0.03
7,Racing,Yuke's,0.03
8,Racing,Xicat Interactive,0.03
9,Racing,Vir2L Studios,0.03
10,Racing,RTL,0.03
11,Racing,Phenomedia,0.03
12,Racing,Nobilis,0.03
13,Racing,Imagineer,0.04
14,Racing,Banpresto,0.04
15,Racing,1C Company,0.04
16,Racing,Agetec,0.04
17,Racing,Milestone S.r.l,0.05
18,Racing,Avalon Interactive,0.05
19,Racing,SCi,0.05
20,Racing,Dusenberry Martin Racing,0.05
21,Racing,The Learning Company,0.05
22,Racing,Conspiracy Entertainment,0.06
23,Racing,Big Ben Interactive,0.060000000000000005
24,Racing,505 Games,0.060000000000000005
25,Racing,Tomy Corporation,0.07
26,Racing,Telstar,0.08
27,Racing,Game Factory,0.09
28,Racing,Popcorn Arcade,0.09
29,Racing,JVC,0.09
30,Racing,Data Design Interactive,0.09
31,Racing,Takara Tomy,0.09
32,Racing,MTO,0.1
33,Racing,Media Rings,0.1
34,Racing,PQube,0.1
35,Racing,Syscom,0.11
36,Racing,FunSoft,0.12
37,Racing,Atlus,0.12
38,Racing,Mindscape,0.13
39,Racing,Rondomedia,0.13
40,Racing,BMG Interactive Entertainment,0.15
41,Racing,Square,0.16
42,Racing,Zushi Games,0.16999999999999998
43,Racing,Rage Software,0.17
44,Racing,Crystal Dynamics,0.17
45,Racing,Valcon Games,0.18000000000000002
46,Racing,Gremlin Interactive Ltd,0.19
47,Racing,Evolved Games,0.19
48,Racing,BPS,0.2
49,Racing,Metro 3D,0.21
50,Racing,Vatical Entertainment,0.22
51,Racing,ValuSoft,0.24
52,Racing,Liquid Games,0.26
53,Racing,Nordic Games,0.26
54,Racing,Storm City Games,0.27
55,Racing,Playmates,0.28
56,Racing,Destineer,0.33
57,Racing,Ocean,0.35
58,Racing,Interplay,0.37
59,Racing,Focus Home Interactive,0.37
60,Racing,Human Entertainment,0.38
61,Racing,"Destination Software, Inc",0.39
62,Racing,Mattel Interactive,0.39
63,Racing,Pioneer LDC,0.41
64,Racing,XS Games,0.41000000000000003
65,Racing,Global Star,0.42
66,Racing,TYO,0.42
67,Racing,Tecmo Koei,0.44
68,Racing,SquareSoft,0.44
69,Racing,Jaleco,0.4600000000000001
70,Racing,LucasArts,0.47
71,Racing,Rebellion,0.49
72,Racing,Ignition Entertainment,0.53
73,Racing,Hasbro Interactive,0.56
74,Racing,Gathering of Developers,0.56
75,Racing,Midas Interactive Entertainment,0.61
76,Racing,Deep Silver,0.6100000000000001
77,Racing,Takara,0.6200000000000001
78,Racing,D3Publisher,0.64
79,Racing,Zoo Games,0.6500000000000001
80,Racing,Titus,0.75
81,Racing,BAM! Entertainment,0.78
82,Racing,System 3 Arcade Software,0.8200000000000002
83,Racing,Majesco Entertainment,0.8899999999999999
84,Racing,Kemco,0.95
85,Racing,Warner Bros. Interactive Entertainment,0.98
86,Racing,Xplosiv,1.07
87,Racing,ASCII Entertainment,1.08
88,Racing,Jester Interactive,1.1099999999999999
89,Racing,LEGO Media,1.21
90,Racing,Konami Digital Entertainment,1.2700000000000002
91,Racing,Milestone S.r.l.,1.2800000000000002
92,Racing,Accolade,1.3
93,Racing,ASC Games,1.31
94,Racing,Genki,1.31
95,Racing,Slightly Mad Studios,1.3800000000000001
96,Racing,Play It,1.52
97,Racing,Crave Entertainment,1.6500000000000001
98,Racing,989 Studios,1.72
99,Racing,Black Bean Games,1.7700000000000002
100,Racing,SouthPeak Games,1.79
101,Racing,Bethesda Softworks,1.9300000000000002
102,Racing,Video System,1.9900000000000002
103,Racing,GT Interactive,2.0199999999999996
104,Racing,TDK Mediactive,2.3200000000000003
105,Racing,Capcom,2.3799999999999994
106,Racing,Zoo Digital Publishing,3.2199999999999993
107,Racing,Infogrames,3.6700000000000004
108,Racing,Eidos Interactive,3.9899999999999993
109,Racing,Psygnosis,4.13
110,Racing,Unknown,4.51
111,Racing,Empire Interactive,5.720000000000001
112,Racing,Midway Games,6.559999999999999
113,Racing,Namco Bandai Games,7.01
114,Racing,Disney Interactive Studios,9.12
115,Racing,Vivendi Games,11.280000000000003
116,Racing,Atari,12.729999999999999
117,Racing,Acclaim Entertainment,14.719999999999994
118,Racing,Ubisoft,15.830000000000002
119,Racing,Activision,17.310000000000002
120,Racing,Take-Two Interactive,21.249999999999996
121,Racing,Sega,21.830000000000005
122,Racing,Microsoft Game Studios,33.08
123,Racing,Codemasters,34.62000000000002
124,Racing,THQ,40.17
125,Racing,Sony Computer Entertainment,110.56999999999998
126,Racing,Electronic Arts,145.77
127,Racing,Nintendo,151.29999999999995
0,Role-Playing,1C Company,0.01
1,Role-Playing,Irem Software Engineering,0.01
2,Role-Playing,Michaelsoft,0.01
3,Role-Playing,Arc System Works,0.01
4,Role-Playing,SNK Playmore,0.01
5,Role-Playing,Broccoli,0.01
6,Role-Playing,TopWare Interactive,0.01
7,Role-Playing,King Records,0.02
8,Role-Playing,Victor Interactive,0.02
9,Role-Playing,Koch Media,0.02
10,Role-Playing,Alchemist,0.02
11,Role-Playing,Codemasters Online,0.02
12,Role-Playing,Encore,0.02
13,Role-Playing,Takara,0.02
14,Role-Playing,GOA,0.02
15,Role-Playing,"Destination Software, Inc",0.03
16,Role-Playing,Nexon,0.03
17,Role-Playing,5pb,0.03
18,Role-Playing,CyberFront,0.03
19,Role-Playing,Culture Brain,0.03
20,Role-Playing,Xicat Interactive,0.03
21,Role-Playing,imageepoch Inc.,0.03
22,Role-Playing,Extreme Entertainment Group,0.03
23,Role-Playing,Compile,0.03
24,Role-Playing,Hudson Entertainment,0.04
25,Role-Playing,Iceberg Interactive,0.04
26,Role-Playing,Data East,0.04
27,Role-Playing,Kadokawa Games,0.05
28,Role-Playing,Titus,0.05
29,Role-Playing,Mindscape,0.05
30,Role-Playing,Max Five,0.05
31,Role-Playing,Nordic Games,0.05
32,Role-Playing,Arika,0.05
33,Role-Playing,Kemco,0.05
34,Role-Playing,Sunrise Interactive,0.06
35,Role-Playing,Game Factory,0.06
36,Role-Playing,Midas Interactive Entertainment,0.06
37,Role-Playing,Ascaron Entertainment GmbH,0.06
38,Role-Playing,ASCII Media Works,0.060000000000000005
39,Role-Playing,Experience Inc.,0.060000000000000005
40,Role-Playing,Locus,0.07
41,Role-Playing,Mercury Games,0.08
42,Role-Playing,Flight-Plan,0.08
43,Role-Playing,Aspyr,0.09
44,Role-Playing,Graffiti,0.09
45,Role-Playing,Empire Interactive,0.09
46,Role-Playing,Micro Cabin,0.1
47,Role-Playing,Starfish,0.1
48,Role-Playing,Image Epoch,0.1
49,Role-Playing,inXile Entertainment,0.1
50,Role-Playing,Aqua Plus,0.11
51,Role-Playing,Majesco Entertainment,0.11
52,Role-Playing,TOHO,0.11
53,Role-Playing,Paradox Interactive,0.11000000000000001
54,Role-Playing,Idea Factory International,0.11000000000000001
55,Role-Playing,Epoch,0.12000000000000001
56,Role-Playing,Avalon Interactive,0.12000000000000001
57,Role-Playing,Taito,0.12000000000000001
58,Role-Playing,NEC Interchannel,0.13
59,Role-Playing,Havas Interactive,0.13
60,Role-Playing,Zushi Games,0.13
61,Role-Playing,Ackkstudios,0.14
62,Role-Playing,Global A Entertainment,0.14
63,Role-Playing,Game Arts,0.14
64,Role-Playing,Ubisoft Annecy,0.14
65,Role-Playing,Nobilis,0.15
66,Role-Playing,Panther Software,0.17
67,Role-Playing,Metro 3D,0.19
68,Role-Playing,Media Rings,0.19
69,Role-Playing,Funcom,0.2
70,Role-Playing,LucasArts,0.2
71,Role-Playing,Seta Corporation,0.21
72,Role-Playing,On Demand,0.21
73,Role-Playing,Sunsoft,0.21000000000000002
74,Role-Playing,CCP,0.22
75,Role-Playing,Psygnosis,0.23
76,Role-Playing,ArtDink,0.24
77,Role-Playing,Tomy Corporation,0.24000000000000002
78,Role-Playing,Aksys Games,0.25
79,Role-Playing,3DO,0.25
80,Role-Playing,Acclaim Entertainment,0.26
81,Role-Playing,Angel Studios,0.29
82,Role-Playing,NCSoft,0.29000000000000004
83,Role-Playing,NEC,0.29000000000000004
84,Role-Playing,Natsume,0.3
85,Role-Playing,Screenlife,0.31
86,Role-Playing,Marvelous Entertainment,0.32
87,Role-Playing,Nihon Falcom Corporation,0.34
88,Role-Playing,Laguna,0.36
89,Role-Playing,Ignition Entertainment,0.36
90,Role-Playing,Rocket Company,0.3600000000000001
91,Role-Playing,Codemasters,0.37
92,Role-Playing,Takara Tomy,0.39
93,Role-Playing,Success,0.41000000000000003
94,Role-Playing,ESP,0.42
95,Role-Playing,Crystal Dynamics,0.44
96,Role-Playing,JoWood Productions,0.46
97,Role-Playing,FuRyu,0.48
98,Role-Playing,From Software,0.5299999999999999
99,Role-Playing,Spike,0.5800000000000001
100,Role-Playing,Acquire,0.6100000000000001
101,Role-Playing,Sting,0.65
102,Role-Playing,DTP Entertainment,0.68
103,Role-Playing,D3Publisher,0.6900000000000001
104,Role-Playing,Quest,0.71
105,Role-Playing,Idea Factory,0.7100000000000002
106,Role-Playing,Interplay,0.7300000000000001
107,Role-Playing,Xseed Games,0.74
108,Role-Playing,Enterbrain,0.77
109,Role-Playing,Square EA,0.8
110,Role-Playing,ASCII Entertainment,0.91
111,Role-Playing,Gust,0.9900000000000002
112,Role-Playing,Vivendi Games,1.06
113,Role-Playing,Compile Heart,1.1
114,Role-Playing,Midway Games,1.1
115,Role-Playing,THQ,1.13
116,Role-Playing,Crave Entertainment,1.1400000000000001
117,Role-Playing,Falcom Corporation,1.1500000000000004
118,Role-Playing,505 Games,1.1700000000000002
119,Role-Playing,SouthPeak Games,1.2799999999999998
120,Role-Playing,Imagineer,1.33
121,Role-Playing,Focus Home Interactive,1.4100000000000001
122,Role-Playing,Disney Interactive Studios,1.47
123,Role-Playing,Marvelous Interactive,1.55
124,Role-Playing,Virgin Interactive,1.58
125,Role-Playing,Kadokawa Shoten,1.7800000000000002
126,Role-Playing,Hudson Soft,1.87
127,Role-Playing,ChunSoft,1.8700000000000003
128,Role-Playing,Infogrames,2.14
129,Role-Playing,Ghostlight,2.34
130,Role-Playing,Banpresto,2.619999999999999
131,Role-Playing,GungHo,2.88
132,Role-Playing,Deep Silver,2.9600000000000004
133,Role-Playing,Sony Online Entertainment,3.37
134,Role-Playing,Square,3.48
135,Role-Playing,Eidos Interactive,3.5199999999999996
136,Role-Playing,Unknown,5.279999999999999
137,Role-Playing,Level 5,5.6899999999999995
138,Role-Playing,Rising Star Games,5.8
139,Role-Playing,Take-Two Interactive,6.069999999999999
140,Role-Playing,Tecmo Koei,6.81
141,Role-Playing,Atari,8.069999999999999
142,Role-Playing,Nippon Ichi Software,10.479999999999999
143,Role-Playing,Atlus,10.489999999999997
144,Role-Playing,Konami Digital Entertainment,13.739999999999998
145,Role-Playing,Sega,14.709999999999997
146,Role-Playing,Ubisoft,16.75999999999999
147,Role-Playing,Microsoft Game Studios,20.580000000000002
148,Role-Playing,Enix Corporation,32.40999999999999
149,Role-Playing,Capcom,32.67000000000001
150,Role-Playing,Electronic Arts,35.300000000000004
151,Role-Playing,Sony Computer Entertainment,44.0
152,Role-Playing,Activision,46.79
153,Role-Playing,SquareSoft,52.589999999999996
154,Role-Playing,Namco Bandai Games,53.82000000000001
155,Role-Playing,Bethesda Softworks,54.160000000000004
156,Role-Playing,Square Enix,97.09000000000006
157,Role-Playing,Nintendo,284.9
0,Shooter,G.Rev,0.01
1,Shooter,LSP Games,0.01
2,Shooter,Jaleco,0.01
3,Shooter,MC2 Entertainment,0.02
4,Shooter,Funsta,0.02
5,Shooter,Gaga,0.02
6,Shooter,Nippon Ichi Software,0.02
7,Shooter,Phoenix Games,0.02
8,Shooter,Arika,0.02
9,Shooter,UFO Interactive,0.02
10,Shooter,Kemco,0.02
11,Shooter,Visco,0.02
12,Shooter,Warashi,0.02
13,Shooter,Lexicon Entertainment,0.02
14,Shooter,Jack of All Games,0.02
15,Shooter,Devolver Digital,0.02
16,Shooter,Irem Software Engineering,0.03
17,Shooter,Hip Interactive,0.03
18,Shooter,O-Games,0.03
19,Shooter,id Software,0.03
20,Shooter,ESP,0.03
21,Shooter,Starfish,0.04
22,Shooter,Avalon Interactive,0.04
23,Shooter,DHM Interactive,0.04
24,Shooter,Graffiti,0.04
25,Shooter,Time Warner Interactive,0.04
26,Shooter,Popcorn Arcade,0.04
27,Shooter,Xseed Games,0.05
28,Shooter,TechnoSoft,0.05
29,Shooter,5pb,0.05
30,Shooter,JVC,0.05
31,Shooter,Destineer,0.05
32,Shooter,Hudson Entertainment,0.06
33,Shooter,Nordic Games,0.06
34,Shooter,Tommo,0.06
35,Shooter,Telstar,0.06
36,Shooter,Altron,0.07
37,Shooter,Banpresto,0.08
38,Shooter,DreamCatcher Interactive,0.08
39,Shooter,Alchemist,0.08
40,Shooter,Milestone,0.08
41,Shooter,Mitsui,0.08
42,Shooter,Valcon Games,0.09
43,Shooter,O3 Entertainment,0.09
44,Shooter,PQube,0.09
45,Shooter,Groove Games,0.09
46,Shooter,Phantom EFX,0.09
47,Shooter,Big Ben Interactive,0.09
48,Shooter,Evolved Games,0.09999999999999999
49,Shooter,Enjoy Gaming ltd.,0.1
50,Shooter,Conspiracy Entertainment,0.1
51,Shooter,Interplay Productions,0.1
52,Shooter,From Software,0.11
53,Shooter,Titus,0.11
54,Shooter,Rage Software,0.11
55,Shooter,Atlus,0.11
56,Shooter,NDA Productions,0.12
57,Shooter,Bohemia Interactive,0.12
58,Shooter,Moss,0.13
59,Shooter,BMG Interactive Entertainment,0.14
60,Shooter,Tripwire Interactive,0.14
61,Shooter,SNK Playmore,0.15
62,Shooter,EA Games,0.15
63,Shooter,Swing! Entertainment,0.15000000000000002
64,Shooter,Essential Games,0.17
65,Shooter,Mastertronic,0.18
66,Shooter,DTP Entertainment,0.18
67,Shooter,Neko Entertainment,0.18
68,Shooter,Metro 3D,0.19
69,Shooter,Reef Entertainment,0.2
70,Shooter,Gremlin Interactive Ltd,0.2
71,Shooter,Playlogic Game Factory,0.2
72,Shooter,Cave,0.2
73,Shooter,Psygnosis,0.2
74,Shooter,20th Century Fox Video Games,0.22
75,Shooter,Ocean,0.23
76,Shooter,Crave Entertainment,0.23
77,Shooter,Mattel Interactive,0.24
78,Shooter,Hasbro Interactive,0.24
79,Shooter,Sunsoft,0.25
80,Shooter,Disney Interactive Studios,0.28
81,Shooter,Gathering of Developers,0.28
82,Shooter,Wargaming.net,0.29
83,Shooter,Tecmo Koei,0.29000000000000004
84,Shooter,Rebellion Developments,0.30000000000000004
85,Shooter,SquareSoft,0.31
86,Shooter,Coleco,0.34
87,Shooter,Zushi Games,0.37
88,Shooter,Rising Star Games,0.37000000000000005
89,Shooter,Mastiff,0.41000000000000003
90,Shooter,Play It,0.47000000000000003
91,Shooter,Zoo Games,0.48
92,Shooter,Deep Silver,0.53
93,Shooter,Ignition Entertainment,0.54
94,Shooter,Global Star,0.55
95,Shooter,Midas Interactive Entertainment,0.6
96,Shooter,Zoo Digital Publishing,0.6000000000000001
97,Shooter,Taito,0.6100000000000001
98,Shooter,Interplay,0.6599999999999999
99,Shooter,Activision Value,0.66
100,Shooter,Majesco Entertainment,0.7500000000000002
101,Shooter,3DO,0.77
102,Shooter,Universal Interactive,0.78
103,Shooter,NovaLogic,0.8200000000000001
104,Shooter,TalonSoft,0.87
105,Shooter,BAM! Entertainment,0.8700000000000001
106,Shooter,CTO SpA,0.88
107,Shooter,SouthPeak Games,0.9000000000000001
108,Shooter,Sony Computer Entertainment Europe,1.0
109,Shooter,TDK Mediactive,1.04
110,Shooter,Trion Worlds,1.14
111,Shooter,Success,1.15
112,Shooter,Hudson Soft,1.23
113,Shooter,Empire Interactive,1.48
114,Shooter,Gotham Games,1.57
115,Shooter,Unknown,1.6800000000000002
116,Shooter,Valve,1.74
117,Shooter,Infogrames,2.0999999999999996
118,Shooter,Fox Interactive,2.14
119,Shooter,Red Storm Entertainment,2.28
120,Shooter,D3Publisher,2.8299999999999996
121,Shooter,SCi,2.8900000000000006
122,Shooter,GT Interactive,3.1599999999999993
123,Shooter,Valve Software,3.2300000000000004
124,Shooter,City Interactive,3.3300000000000005
125,Shooter,Warner Bros. Interactive Entertainment,3.71
126,Shooter,Virgin Interactive,4.27
127,Shooter,Imagic,4.45
128,Shooter,Codemasters,4.86
129,Shooter,505 Games,5.5699999999999985
130,Shooter,Midway Games,5.619999999999999
131,Shooter,Acclaim Entertainment,6.409999999999999
132,Shooter,Square Enix,7.37
133,Shooter,Eidos Interactive,8.059999999999999
134,Shooter,Konami Digital Entertainment,9.469999999999997
135,Shooter,Namco Bandai Games,9.870000000000001
136,Shooter,Capcom,11.149999999999995
137,Shooter,Vivendi Games,11.689999999999998
138,Shooter,Bethesda Softworks,13.65
139,Shooter,THQ,14.900000000000007
140,Shooter,Sega,16.589999999999993
141,Shooter,LucasArts,17.029999999999998
142,Shooter,Atari,22.69
143,Shooter,Take-Two Interactive,54.47000000000001
144,Shooter,Sony Computer Entertainment,57.52
145,Shooter,Ubisoft,67.64999999999999
146,Shooter,Nintendo,69.72999999999999
147,Shooter,Microsoft Game Studios,95.46
148,Shooter,Electronic Arts,158.26000000000002
149,Shooter,Activision,299.8699999999999
0,Simulation,Blue Byte,0.01
1,Simulation,UIG Entertainment,0.01
2,Simulation,Success,0.01
3,Simulation,Paradox Development,0.01
4,Simulation,Ongakukan,0.01
5,Simulation,CDV Software Entertainment,0.01
6,Simulation,Happinet,0.01
7,Simulation,DSI Games,0.02
8,Simulation,Ghostlight,0.02
9,Simulation,Graphsim Entertainment,0.02
10,Simulation,Hamster Corporation,0.02
11,Simulation,Kadokawa Shoten,0.02
12,Simulation,Kadokawa Games,0.02
13,Simulation,Masque Publishing,0.02
14,Simulation,Midas Interactive Entertainment,0.02
15,Simulation,Telegames,0.02
16,Simulation,Imageworks,0.02
17,Simulation,Lighthouse Interactive,0.02
18,Simulation,fonfun,0.02
19,Simulation,Astragon,0.02
20,Simulation,Broccoli,0.03
21,Simulation,Just Flight,0.03
22,Simulation,Kando Games,0.03
23,Simulation,Lexicon Entertainment,0.03
24,Simulation,TDK Core,0.03
25,Simulation,Aerosoft,0.03
26,Simulation,FuRyu,0.03
27,Simulation,Conspiracy Entertainment,0.03
28,Simulation,Vivendi Games,0.03
29,Simulation,Valcon Games,0.03
30,Simulation,Enterbrain,0.04
31,Simulation,5pb,0.04
32,Simulation,7G//AMES,0.04
33,Simulation,Riverhillsoft,0.04
34,Simulation,Rocket Company,0.04
35,Simulation,PQube,0.05
36,Simulation,Graffiti,0.05
37,Simulation,Zushi Games,0.05
38,Simulation,Phantagram,0.05
39,Simulation,Monte Christo Multimedia,0.05
40,Simulation,Ertain,0.05
41,Simulation,Foreign Media Games,0.06
42,Simulation,Creative Core,0.06
43,Simulation,ESP,0.06
44,Simulation,Pack-In-Video,0.06
45,Simulation,NEC Interchannel,0.06
46,Simulation,Office Create,0.06
47,Simulation,Infogrames,0.06
48,Simulation,GT Interactive,0.07
49,Simulation,Zoo Games,0.07
50,Simulation,Mad Catz,0.07
51,Simulation,Elite,0.07
52,Simulation,RTL,0.08
53,Simulation,Micro Cabin,0.08
54,Simulation,Spike,0.08
55,Simulation,Avanquest,0.08
56,Simulation,Asylum Entertainment,0.09
57,Simulation,Hearty Robin,0.09
58,Simulation,Asmik Ace Entertainment,0.09
59,Simulation,Origin Systems,0.09
60,Simulation,Mastiff,0.1
61,Simulation,Avalon Interactive,0.1
62,Simulation,Interplay,0.1
63,Simulation,Swing! Entertainment,0.11
64,Simulation,Atlus,0.11
65,Simulation,Zoo Digital Publishing,0.11
66,Simulation,O3 Entertainment,0.11
67,Simulation,DHM Interactive,0.12
68,Simulation,ArtDink,0.13
69,Simulation,Mercury Games,0.13
70,Simulation,Game Life,0.13
71,Simulation,Tomy Corporation,0.13
72,Simulation,Excalibur Publishing,0.14
73,Simulation,Global Star,0.14
74,Simulation,Touchstone,0.14
75,Simulation,Marvelous Entertainment,0.15
76,Simulation,Little Orbit,0.15
77,Simulation,Capcom,0.15
78,Simulation,"Destination Software, Inc",0.15000000000000002
79,Simulation,Imagineer,0.16
80,Simulation,JoWood Productions,0.16
81,Simulation,City Interactive,0.18
82,Simulation,Core Design Ltd.,0.19
83,Simulation,Bethesda Softworks,0.19
84,Simulation,DTP Entertainment,0.2
85,Simulation,Aspyr,0.2
86,Simulation,DreamCatcher Interactive,0.23999999999999996
87,Simulation,MTO,0.24
88,Simulation,GSP,0.25
89,Simulation,Empire Interactive,0.25
90,Simulation,Paradox Interactive,0.26
91,Simulation,Indie Games,0.26
92,Simulation,Virgin Interactive,0.27
93,Simulation,Microprose,0.27
94,Simulation,Crave Entertainment,0.28
95,Simulation,Agetec,0.31
96,Simulation,SquareSoft,0.31
97,Simulation,Victor Interactive,0.31
98,Simulation,D3Publisher,0.31000000000000005
99,Simulation,ASCII Entertainment,0.32
100,Simulation,Human Entertainment,0.32
101,Simulation,Sammy Corporation,0.38
102,Simulation,bitComposer Games,0.38
103,Simulation,Codemasters,0.44
104,Simulation,SouthPeak Games,0.46
105,Simulation,Pack In Soft,0.48
106,Simulation,Hect,0.5
107,Simulation,Rondomedia,0.53
108,Simulation,Enix Corporation,0.59
109,Simulation,Banpresto,0.7
110,Simulation,Marvelous Interactive,0.72
111,Simulation,Natsume,0.75
112,Simulation,Hudson Entertainment,0.79
113,Simulation,From Software,0.8
114,Simulation,Psygnosis,0.85
115,Simulation,Disney Interactive Studios,0.8799999999999999
116,Simulation,Kalypso Media,0.8800000000000001
117,Simulation,Take-Two Interactive,0.8900000000000001
118,Simulation,Jorudan,0.95
119,Simulation,Eidos Interactive,1.01
120,Simulation,Hudson Soft,1.03
121,Simulation,Destineer,1.0300000000000002
122,Simulation,Titus,1.07
123,Simulation,Metro 3D,1.1600000000000001
124,Simulation,Game Factory,1.3
125,Simulation,Nobilis,1.32
126,Simulation,Square Enix,1.37
127,Simulation,Koch Media,1.5
128,Simulation,Unknown,1.5000000000000004
129,Simulation,Deep Silver,1.6400000000000006
130,Simulation,Taito,1.7200000000000002
131,Simulation,Majesco Entertainment,2.03
132,Simulation,Tecmo Koei,2.1
133,Simulation,Focus Home Interactive,2.81
134,Simulation,Maxis,3.39
135,Simulation,Sega,3.46
136,Simulation,LucasArts,4.11
137,Simulation,Rising Star Games,4.58
138,Simulation,Sony Computer Entertainment Europe,4.88
139,Simulation,Atari,4.88
140,Simulation,THQ,7.840000000000001
141,Simulation,Activision,8.26
142,Simulation,Sony Computer Entertainment,8.67
143,Simulation,Namco Bandai Games,10.429999999999998
144,Simulation,Microsoft Game Studios,12.489999999999998
145,Simulation,505 Games,22.24
146,Simulation,Konami Digital Entertainment,32.310000000000024
147,Simulation,Ubisoft,44.66999999999997
148,Simulation,Nintendo,85.27
149,Simulation,Electronic Arts,89.52999999999999
0,Sports,"Destination Software, Inc",0.01
1,Sports,"Interworks Unlimited, Inc.",0.01
2,Sports,DSI Games,0.02
3,Sports,Mumbo Jumbo,0.02
4,Sports,CTO SpA,0.02
5,Sports,Virtual Play Games,0.02
6,Sports,Mastertronic,0.02
7,Sports,Athena,0.02
8,Sports,Technos Japan Corporation,0.02
9,Sports,BMG Interactive Entertainment,0.03
10,Sports,Mad Catz,0.03
11,Sports,Seta Corporation,0.03
12,Sports,Blast! Entertainment Ltd,0.04
13,Sports,Reef Entertainment,0.04
14,Sports,MLB.com,0.04
15,Sports,Microids,0.04
16,Sports,Summitsoft,0.04
17,Sports,System 3 Arcade Software,0.04
18,Sports,49Games,0.04
19,Sports,Genki,0.04
20,Sports,Tommo,0.04
21,Sports,Navarre Corp,0.05
22,Sports,Storm City Games,0.05
23,Sports,UFO Interactive,0.05
24,Sports,Playlogic Game Factory,0.05
25,Sports,Psygnosis,0.06
26,Sports,PQube,0.06
27,Sports,DigiCube,0.06
28,Sports,Rocket Company,0.07
29,Sports,Misawa,0.07
30,Sports,Vir2L Studios,0.07
31,Sports,Avanquest,0.08
32,Sports,Nordic Games,0.08
33,Sports,Crystal Dynamics,0.08
34,Sports,Conspiracy Entertainment,0.08
35,Sports,Hudson Entertainment,0.09
36,Sports,Griffin International,0.09
37,Sports,DreamCatcher Interactive,0.09
38,Sports,Pinnacle,0.1
39,Sports,Simon & Schuster Interactive,0.11
40,Sports,Time Warner Interactive,0.11
41,Sports,Tradewest,0.11
42,Sports,Vivendi Games,0.11
43,Sports,Xicat Interactive,0.11
44,Sports,Nordcurrent,0.11
45,Sports,Ackkstudios,0.11000000000000001
46,Sports,Enix Corporation,0.12
47,Sports,SPS,0.12
48,Sports,T&E Soft,0.12
49,Sports,Koch Media,0.13
50,Sports,responDESIGN,0.13
51,Sports,Data Design Interactive,0.13
52,Sports,Valcon Games,0.14
53,Sports,Mindscape,0.14
54,Sports,Kadokawa Shoten,0.14
55,Sports,Media Factory,0.15
56,Sports,SouthPeak Games,0.16
57,Sports,Aques,0.16
58,Sports,Virgin Interactive,0.16999999999999998
59,Sports,Takara Tomy,0.17
60,Sports,Asmik Corp,0.17
61,Sports,GameMill Entertainment,0.18
62,Sports,Aspyr,0.18
63,Sports,Empire Interactive,0.18
64,Sports,Alternative Software,0.18000000000000002
65,Sports,Accolade,0.19
66,Sports,Tru Blu Entertainment,0.19
67,Sports,Kemco,0.2
68,Sports,Culture Brain,0.2
69,Sports,Ghostlight,0.21
70,Sports,JoWood Productions,0.21
71,Sports,Marvelous Interactive,0.22
72,Sports,Ignition Entertainment,0.22999999999999998
73,Sports,Rising Star Games,0.22999999999999998
74,Sports,Detn8 Games,0.23
75,Sports,Axela,0.25
76,Sports,Arc System Works,0.25
77,Sports,Level 5,0.26
78,Sports,U.S. Gold,0.28
79,Sports,Ocean,0.28
80,Sports,Mud Duck Productions,0.3
81,Sports,BAM! Entertainment,0.35
82,Sports,Media Rings,0.36
83,Sports,Atlus,0.36
84,Sports,O-Games,0.36000000000000004
85,Sports,Focus Home Interactive,0.3600000000000001
86,Sports,Knowledge Adventure,0.37
87,Sports,Electronic Arts Victor,0.38
88,Sports,989 Sports,0.38
89,Sports,Magical Company,0.41
90,Sports,Gotham Games,0.42
91,Sports,Oxygen Interactive,0.44
92,Sports,Capcom,0.45999999999999996
93,Sports,Fox Interactive,0.47
94,Sports,Mattel Interactive,0.47000000000000003
95,Sports,Zoo Games,0.48
96,Sports,Human Entertainment,0.48
97,Sports,Universal Interactive,0.49
98,Sports,Gremlin Interactive Ltd,0.49000000000000005
99,Sports,Victor Interactive,0.52
100,Sports,Starfish,0.52
101,Sports,Banpresto,0.57
102,Sports,Play It,0.62
103,Sports,TDK Mediactive,0.63
104,Sports,Epoch,0.64
105,Sports,ASC Games,0.66
106,Sports,SquareSoft,0.6600000000000001
107,Sports,Interplay,0.6699999999999999
108,Sports,Imagineer,0.6700000000000002
109,Sports,Home Entertainment Suppliers,0.7100000000000002
110,Sports,GT Interactive,0.78
111,Sports,D3Publisher,0.7800000000000002
112,Sports,Jaleco,0.79
113,Sports,Big Ben Interactive,0.81
114,Sports,Destineer,0.8300000000000001
115,Sports,Bigben Interactive,0.8400000000000001
116,Sports,Zushi Games,0.8699999999999999
117,Sports,Midas Interactive Entertainment,0.9299999999999999
118,Sports,Disney Interactive Studios,0.97
119,Sports,XS Games,0.97
120,Sports,Black Bean Games,0.9800000000000001
121,Sports,Agetec,1.08
122,Sports,Enterbrain,1.1
123,Sports,Russel,1.12
124,Sports,DTP Entertainment,1.12
125,Sports,Crave Entertainment,1.1600000000000001
126,Sports,Sony Computer Entertainment America,1.1800000000000002
127,Sports,Infogrames,1.2600000000000002
128,Sports,3DO,1.5700000000000003
129,Sports,Mastiff,1.59
130,Sports,RTL,1.8900000000000001
131,Sports,Deep Silver,2.03
132,Sports,Arena Entertainment,2.05
133,Sports,Natsume,2.11
134,Sports,UEP Systems,2.25
135,Sports,Bethesda Softworks,2.34
136,Sports,Hudson Soft,2.7599999999999993
137,Sports,Codemasters,3.13
138,Sports,Zoo Digital Publishing,3.17
139,Sports,Spike,3.6
140,Sports,Majesco Entertainment,3.6599999999999997
141,Sports,Eidos Interactive,3.8699999999999997
142,Sports,Tecmo Koei,3.9899999999999975
143,Sports,Global Star,4.59
144,Sports,Activision Value,6.139999999999998
145,Sports,Unknown,6.569999999999999
146,Sports,ASCII Entertainment,7.079999999999999
147,Sports,989 Studios,8.970000000000002
148,Sports,Atari,12.54
149,Sports,THQ,13.219999999999999
150,Sports,505 Games,14.319999999999999
151,Sports,Microsoft Game Studios,14.639999999999999
152,Sports,Midway Games,17.939999999999998
153,Sports,Acclaim Entertainment,18.06999999999999
154,Sports,Namco Bandai Games,19.160000000000004
155,Sports,Ubisoft,24.240000000000002
156,Sports,Sony Computer Entertainment,59.61000000000001
157,Sports,Sega,71.71000000000004
158,Sports,Activision,75.90999999999994
159,Sports,Take-Two Interactive,76.76999999999997
160,Sports,Konami Digital Entertainment,98.94999999999999
161,Sports,Nintendo,218.00999999999993
162,Sports,Electronic Arts,479.66999999999973
0,Strategy,Funbox Media,0.01
1,Strategy,Ascaron Entertainment,0.01
2,Strategy,Gust,0.01
3,Strategy,Koch Media,0.01
4,Strategy,Ackkstudios,0.01
5,Strategy,New World Computing,0.01
6,Strategy,Interchannel-Holon,0.01
7,Strategy,Trion Worlds,0.01
8,Strategy,EON Digital Entertainment,0.01
9,Strategy,Kadokawa Shoten,0.02
10,Strategy,Gamecock,0.02
11,Strategy,Titus,0.02
12,Strategy,Mamba Games,0.02
13,Strategy,Mumbo Jumbo,0.02
14,Strategy,Storm City Games,0.02
15,Strategy,Blue Byte,0.02
16,Strategy,Nordic Games,0.02
17,Strategy,CyberFront,0.03
18,Strategy,Irem Software Engineering,0.03
19,Strategy,Hudson Soft,0.03
20,Strategy,Strategy First,0.03
21,Strategy,Pinnacle,0.03
22,Strategy,Angel Studios,0.03
23,Strategy,System Soft,0.03
24,Strategy,Sunflowers,0.03
25,Strategy,Agetec,0.03
26,Strategy,Iceberg Interactive,0.04
27,Strategy,D3Publisher,0.04
28,Strategy,Essential Games,0.04
29,Strategy,Kool Kizz,0.04
30,Strategy,Alawar Entertainment,0.04
31,Strategy,Flight-Plan,0.04
32,Strategy,Nippon Ichi Software,0.04
33,Strategy,Team17 Software,0.05
34,Strategy,1C Company,0.05
35,Strategy,Ascaron Entertainment GmbH,0.05
36,Strategy,10TACLE Studios,0.06
37,Strategy,Black Bean Games,0.06
38,Strategy,Activision Value,0.06
39,Strategy,CDV Software Entertainment,0.060000000000000005
40,Strategy,Playlogic Game Factory,0.07
41,Strategy,Human Entertainment,0.07
42,Strategy,Global Star,0.07
43,Strategy,Zushi Games,0.07
44,Strategy,Telegames,0.08
45,Strategy,Glams,0.08
46,Strategy,Broccoli,0.08
47,Strategy,NEC Interchannel,0.08
48,Strategy,Infogrames,0.08
49,Strategy,Acquire,0.08
50,Strategy,Natsume,0.09
51,Strategy,Time Warner Interactive,0.09
52,Strategy,Media Works,0.09
53,Strategy,Takara Tomy,0.09
54,Strategy,Zoo Digital Publishing,0.09
55,Strategy,LEGO Media,0.1
56,Strategy,Compile Heart,0.1
57,Strategy,Ignition Entertainment,0.1
58,Strategy,Idea Factory,0.1
59,Strategy,Success,0.11
60,Strategy,DTP Entertainment,0.11
61,Strategy,3DO,0.11
62,Strategy,Atlus,0.11
63,Strategy,PopTop Software,0.11
64,Strategy,JoWood Productions,0.11000000000000001
65,Strategy,Aqua Plus,0.12
66,Strategy,Focus Home Interactive,0.12000000000000001
67,Strategy,Level 5,0.13
68,Strategy,Midas Interactive Entertainment,0.13
69,Strategy,Crave Entertainment,0.14
70,Strategy,SouthPeak Games,0.14
71,Strategy,General Entertainment,0.14
72,Strategy,Gathering of Developers,0.15
73,Strategy,Sony Online Entertainment,0.16
74,Strategy,SSI,0.19
75,Strategy,Unknown,0.19
76,Strategy,505 Games,0.19999999999999998
77,Strategy,Slitherine Software,0.21
78,Strategy,Ghostlight,0.22
79,Strategy,Bethesda Softworks,0.22999999999999998
80,Strategy,Acclaim Entertainment,0.22999999999999998
81,Strategy,Majesco Entertainment,0.23
82,Strategy,Jaleco,0.27
83,Strategy,Elf,0.28
84,Strategy,Capcom,0.30000000000000004
85,Strategy,ArtDink,0.36
86,Strategy,Paradox Interactive,0.3600000000000001
87,Strategy,ASCII Entertainment,0.37
88,Strategy,NCS,0.4
89,Strategy,Codemasters,0.47000000000000003
90,Strategy,PopCap Games,0.5
91,Strategy,Rising Star Games,0.52
92,Strategy,Mindscape,0.58
93,Strategy,Vivendi Games,0.62
94,Strategy,Deep Silver,0.8900000000000001
95,Strategy,Mastertronic,1.18
96,Strategy,Microprose,1.2000000000000002
97,Strategy,Kalypso Media,1.3100000000000003
98,Strategy,LucasArts,1.5000000000000004
99,Strategy,Westwood Studios,1.55
100,Strategy,SquareSoft,1.79
101,Strategy,Square Enix,1.8699999999999999
102,Strategy,Sony Computer Entertainment,2.3399999999999994
103,Strategy,Warner Bros. Interactive Entertainment,2.8600000000000003
104,Strategy,Atari,3.8699999999999997
105,Strategy,Microsoft Game Studios,4.29
106,Strategy,Virgin Interactive,4.67
107,Strategy,Tecmo Koei,5.63
108,Strategy,Eidos Interactive,6.119999999999999
109,Strategy,Sega,6.87
110,Strategy,Take-Two Interactive,7.399999999999998
111,Strategy,THQ,7.49
112,Strategy,Ubisoft,8.45
113,Strategy,Banpresto,10.18
114,Strategy,Konami Digital Entertainment,10.99
115,Strategy,Namco Bandai Games,11.829999999999998
116,Strategy,Electronic Arts,14.079999999999998
117,Strategy,Activision,17.700000000000003
118,Strategy,Nintendo,27.349999999999998
